date,     hour,   close_price,max_price,  min_price,  Total volume in BTC
20151226, 010000, 0.00641191, 0.00690000, 0.00603078, 178.639095
20151227, 010000, 0.00644999, 0.00700000, 0.00637851, 132.597701
20151228, 010000, 0.00638782, 0.00661990, 0.00620163, 47.1384934
20151229, 010000, 0.00712105, 0.00737498, 0.00635012, 179.477914
20151230, 010000, 0.00801061, 0.00879398, 0.00672871, 501.233295
20151231, 010000, 0.00774935, 0.00970000, 0.00701000, 810.523770
20160101, 010000, 0.00814993, 0.00819736, 0.00717107, 242.821082
20160102, 010000, 0.00801305, 0.00829740, 0.00746174, 137.644259
20160103, 010000, 0.00766679, 0.00806877, 0.00762278, 66.3896879
20160104, 010000, 0.00767000, 0.00784386, 0.00730076, 151.602008
20160105, 010000, 0.00775709, 0.00808001, 0.00767000, 138.694780
20160106, 010000, 0.00777731, 0.00800001, 0.00763572, 87.8791378
20160107, 010000, 0.00760619, 0.00800013, 0.00760619, 115.674144
20160108, 010000, 0.00721108, 0.00769533, 0.00712581, 179.693437
20160109, 010000, 0.00732704, 0.00757319, 0.00711503, 95.3840335
20160110, 010000, 0.00710002, 0.00749990, 0.00700000, 105.159521
20160111, 010000, 0.00699800, 0.00749437, 0.00632693, 361.929299
20160112, 010000, 0.00665015, 0.00735522, 0.00659339, 224.362812
20160113, 010000, 0.00710000, 0.00713998, 0.00652910, 185.076287
20160114, 010000, 0.00779876, 0.00795000, 0.00700371, 165.680696
20160115, 010000, 0.00882087, 0.00899996, 0.00760304, 477.150444
20160116, 010000, 0.01050000, 0.01110997, 0.00847994, 937.503956
20160117, 010000, 0.01045527, 0.01108085, 0.00960330, 619.875375
20160118, 010000, 0.01179051, 0.01389000, 0.00970006, 1585.94178
20160119, 010000, 0.01091948, 0.01230000, 0.01013000, 729.385617
20160120, 010000, 0.01110010, 0.01160000, 0.01000000, 548.688900
20160121, 010000, 0.01132109, 0.01161842, 0.01025507, 491.245054
20160122, 010000, 0.01450234, 0.01700000, 0.01094130, 1303.30264
20160123, 010000, 0.01295115, 0.01498888, 0.01122000, 2025.26175
20160124, 010000, 0.01165173, 0.01325000, 0.01061000, 1245.37126
20160125, 010000, 0.00986115, 0.01201897, 0.00902110, 819.110825
20160126, 010000, 0.01039965, 0.01104248, 0.00953500, 654.545978
20160127, 010000, 0.01099998, 0.01223997, 0.00990278, 826.753042
20160128, 010000, 0.01077763, 0.01149998, 0.01001000, 580.020116
20160129, 010000, 0.01111489, 0.01145097, 0.01051859, 299.426060
20160130, 010000, 0.01149999, 0.01181282, 0.01081298, 290.059102
20160131, 010000, 0.01054257, 0.01174880, 0.01037500, 306.643580
20160201, 010000, 0.01099141, 0.01137998, 0.01056118, 180.583192
20160202, 010000, 0.01118039, 0.01160000, 0.01085659, 207.393044
20160203, 010000, 0.01089536, 0.01132187, 0.01071768, 202.553603
20160204, 010000, 0.01130330, 0.01144879, 0.01076764, 183.980312
20160205, 010000, 0.01106033, 0.01145000, 0.01079269, 255.569902
20160206, 010000, 0.01128061, 0.01131572, 0.01095000, 148.050873
20160207, 010000, 0.01101542, 0.01128329, 0.01095000, 117.610814
20160208, 010000, 0.01135618, 0.01149999, 0.01101542, 231.788628
20160209, 010000, 0.01111139, 0.01135613, 0.01097000, 154.096841
20160210, 010000, 0.01060492, 0.01119972, 0.01000001, 489.237708
20160211, 010000, 0.01013926, 0.01088230, 0.00940000, 305.058874
20160212, 010000, 0.01002000, 0.01076788, 0.00833686, 681.654850
20160213, 010000, 0.00968930, 0.01012997, 0.00930000, 193.424930
20160214, 010000, 0.00949299, 0.00998997, 0.00897373, 203.727653
20160215, 010000, 0.01002337, 0.01049980, 0.00901200, 170.670803
20160216, 010000, 0.00999000, 0.01047734, 0.00933200, 199.506768
20160217, 010000, 0.00873944, 0.01004192, 0.00834524, 416.088482
20160218, 010000, 0.00802659, 0.00930000, 0.00734396, 452.314630
20160219, 010000, 0.00878985, 0.00886394, 0.00775001, 274.225373
20160220, 010000, 0.00843205, 0.00901252, 0.00815890, 214.819168
20160221, 010000, 0.00863106, 0.00880954, 0.00810000, 168.193088
20160222, 010000, 0.00917976, 0.00980000, 0.00853422, 383.402047
20160223, 010000, 0.00938983, 0.00978088, 0.00890247, 419.021541
20160224, 010000, 0.00903765, 0.00969999, 0.00889042, 330.139845
20160225, 010000, 0.00923042, 0.00969902, 0.00903919, 216.302417
20160226, 010000, 0.00901581, 0.00944208, 0.00900010, 172.876739
20160227, 010000, 0.00916475, 0.00950000, 0.00901708, 118.821450
20160228, 010000, 0.00936908, 0.00957000, 0.00910000, 200.246319
20160229, 010000, 0.00900276, 0.00942362, 0.00885290, 255.915552
20160301, 010000, 0.00914992, 0.00930000, 0.00876831, 186.990994
20160302, 010000, 0.00910898, 0.00947900, 0.00870101, 323.789453
20160303, 010000, 0.00913977, 0.00932000, 0.00899212, 131.592782
20160304, 010000, 0.01180001, 0.01189811, 0.00906000, 1374.13810
20160305, 010000, 0.01155027, 0.01222000, 0.01039651, 1016.43365
20160306, 010000, 0.01230078, 0.01349997, 0.01155027, 1357.80612
20160307, 010000, 0.01157990, 0.01258900, 0.01050000, 685.492921
20160308, 010000, 0.01014985, 0.01159980, 0.01005888, 529.846725
20160309, 010000, 0.01130001, 0.01136000, 0.01012000, 292.900373
20160310, 010000, 0.01090001, 0.01146933, 0.01079789, 297.329935
20160311, 010000, 0.01220000, 0.01278123, 0.01090001, 1033.43584
20160312, 010000, 0.01204373, 0.01286100, 0.01192034, 516.457542
20160313, 010000, 0.01320112, 0.01350000, 0.01188579, 635.229636
20160314, 010000, 0.01324440, 0.01470011, 0.01267000, 1354.91520
20160315, 010000, 0.01292911, 0.01446831, 0.01278900, 527.444067
20160316, 010000, 0.01436551, 0.01461159, 0.01278900, 729.598288
20160317, 010000, 0.01468233, 0.01600000, 0.01382111, 1783.88079
20160318, 010000, 0.01428347, 0.01478962, 0.01332000, 836.375243
20160319, 010000, 0.01414284, 0.01471396, 0.01340001, 503.338710
20160320, 010000, 0.01425018, 0.01501731, 0.01400002, 410.616702
20160321, 010000, 0.01509993, 0.01536156, 0.01420525, 352.179139
20160322, 010000, 0.01455937, 0.01587014, 0.01412561, 724.457194
20160323, 010000, 0.01440061, 0.01501008, 0.01416882, 337.948543
20160324, 010000, 0.01559671, 0.01600000, 0.01439956, 917.156691
20160325, 010000, 0.01697900, 0.01748000, 0.01499990, 902.187715
20160326, 010000, 0.01719217, 0.01809996, 0.01667956, 1456.86170
20160327, 010000, 0.01728491, 0.01763000, 0.01685447, 329.701079
20160328, 010000, 0.01568749, 0.01754998, 0.01560974, 967.434881
20160329, 010000, 0.01667557, 0.01757522, 0.01511842, 891.708221
20160330, 010000, 0.01709999, 0.01721967, 0.01640000, 303.270714
20160331, 010000, 0.01654025, 0.01725000, 0.01610000, 551.153368
20160401, 010000, 0.01650000, 0.01683936, 0.01610000, 364.772676
20160402, 010000, 0.01709961, 0.01720000, 0.01635011, 263.169286
20160403, 010000, 0.01687237, 0.01720727, 0.01670248, 200.141970
20160404, 010000, 0.01643884, 0.01700035, 0.01577701, 672.431341
20160405, 010000, 0.01698538, 0.01710000, 0.01634801, 412.186954
20160406, 010000, 0.01681645, 0.01750000, 0.01645480, 484.801067
20160407, 010000, 0.01662313, 0.01707959, 0.01638764, 251.301063
20160408, 010000, 0.01650002, 0.01688579, 0.01624541, 178.990688
20160409, 010000, 0.01638770, 0.01686634, 0.01627000, 302.389843
20160410, 010000, 0.01600001, 0.01660000, 0.01471645, 1273.99020
20160411, 010000, 0.01547675, 0.01645000, 0.01439596, 1422.85168
20160412, 010000, 0.01509903, 0.01572404, 0.01470000, 371.083930
20160413, 010000, 0.01526136, 0.01545000, 0.01488089, 490.822779
20160414, 010000, 0.01522259, 0.01550955, 0.01495370, 297.247896
20160415, 010000, 0.01475998, 0.01529999, 0.01450002, 275.025430
20160416, 010000, 0.01432283, 0.01479998, 0.01380000, 436.795757
20160417, 010000, 0.01467126, 0.01510000, 0.01399393, 442.751685
20160418, 010000, 0.01467489, 0.01510000, 0.01408934, 292.663119
20160419, 010000, 0.01474606, 0.01483000, 0.01418100, 167.762748
20160420, 010000, 0.01476464, 0.01519389, 0.01448953, 287.559644
20160421, 010000, 0.01446620, 0.01500000, 0.01427281, 236.264975
20160422, 010000, 0.01427425, 0.01446580, 0.01367000, 259.561551
20160423, 010000, 0.01420822, 0.01427425, 0.01364322, 222.945322
20160424, 010000, 0.01432946, 0.01466692, 0.01381200, 294.953300
20160425, 010000, 0.01397043, 0.01455138, 0.01365473, 265.955887
20160426, 010000, 0.01322355, 0.01411500, 0.01310298, 354.685941
20160427, 010000, 0.01290556, 0.01331203, 0.01251771, 333.135817
20160428, 010000, 0.01445573, 0.01489996, 0.01288350, 776.354361
20160429, 010000, 0.01483871, 0.01489909, 0.01396781, 317.474775
20160430, 010000, 0.01455428, 0.01485000, 0.01435100, 260.275080
20160501, 010000, 0.01491091, 0.01539900, 0.01440447, 384.474017
20160502, 010000, 0.01493151, 0.01530000, 0.01475600, 248.333463
20160503, 010000, 0.01533074, 0.01558000, 0.01462914, 387.444314
20160504, 010000, 0.01524828, 0.01540000, 0.01501147, 212.996088
20160505, 010000, 0.01516120, 0.01546170, 0.01505761, 132.606808
20160506, 010000, 0.01513325, 0.01540000, 0.01504408, 127.368746
20160507, 010000, 0.01480962, 0.01513324, 0.01462000, 151.937954
20160508, 010000, 0.01450475, 0.01480967, 0.01401656, 264.717500
20160509, 010000, 0.01452372, 0.01479993, 0.01423323, 215.064825
20160510, 010000, 0.01436939, 0.01457916, 0.01418001, 120.094730
20160511, 010000, 0.01494190, 0.01520974, 0.01425974, 363.771357
20160512, 010000, 0.01493065, 0.01517000, 0.01461996, 244.489186
20160513, 010000, 0.01529319, 0.01560443, 0.01473931, 282.746768
20160514, 010000, 0.01507295, 0.01543308, 0.01485418, 194.247864
20160515, 010000, 0.01517378, 0.01540000, 0.01488154, 158.981398
20160516, 010000, 0.01662245, 0.01698000, 0.01500277, 558.902543
20160517, 010000, 0.01609495, 0.01694999, 0.01570000, 468.353316
20160518, 010000, 0.01602114, 0.01622217, 0.01584189, 163.830249
20160519, 010000, 0.01662800, 0.01690770, 0.01595102, 241.858194
20160520, 010000, 0.01820008, 0.01898060, 0.01659546, 664.932925
20160521, 010000, 0.01781189, 0.01950006, 0.01746677, 581.777723
20160522, 010000, 0.01828641, 0.01898769, 0.01750000, 333.178053
20160523, 010000, 0.01813164, 0.01897111, 0.01788253, 284.339729
20160524, 010000, 0.01819416, 0.01852033, 0.01783801, 250.053050
20160525, 010000, 0.01703588, 0.01835684, 0.01662566, 425.306222
20160526, 010000, 0.01686356, 0.01731386, 0.01650000, 177.923747
20160527, 010000, 0.01487082, 0.01721642, 0.01468522, 440.413827
20160528, 010000, 0.01502264, 0.01610000, 0.01485000, 336.773736
20160529, 010000, 0.01615756, 0.01650000, 0.01467298, 453.980851
20160530, 010000, 0.01537793, 0.01632964, 0.01480000, 296.694835
20160531, 010000, 0.01525601, 0.01558233, 0.01510000, 101.017366
20160601, 010000, 0.01515000, 0.01575842, 0.01500000, 267.401853
20160602, 010000, 0.01512085, 0.01567489, 0.01490792, 192.198296
20160603, 010000, 0.01504414, 0.01534855, 0.01420550, 365.801737
20160604, 010000, 0.01365362, 0.01520844, 0.01360281, 480.652524
20160605, 010000, 0.01346000, 0.01446096, 0.01340000, 372.494347
20160606, 010000, 0.01349982, 0.01388021, 0.01304213, 434.672624
20160607, 010000, 0.01349690, 0.01372678, 0.01295016, 252.815288
20160608, 010000, 0.01341695, 0.01395322, 0.01321058, 191.537682
20160609, 010000, 0.01343358, 0.01397846, 0.01327828, 199.544126
20160610, 010000, 0.01399828, 0.01412603, 0.01334020, 233.966926
20160611, 010000, , , , 
20160612, 010000, 0.01260563, 0.01361125, 0.01218516, 743.758257
20160613, 010000, 0.01125000, 0.01258623, 0.01089596, 711.917115
20160614, 010000, 0.01142998, 0.01175745, 0.01071000, 487.685237
20160615, 010000, 0.01222927, 0.01259999, 0.01136650, 489.646718
20160616, 010000, 0.01146700, 0.01268900, 0.01143989, 388.105311
20160617, 010000, 0.01134741, 0.01166892, 0.01100750, 293.878009
20160618, 010000, 0.01135000, 0.01149740, 0.01067758, 296.277908
20160619, 010000, 0.01083678, 0.01158600, 0.01050000, 394.444919
20160620, 010000, 0.01052711, 0.01097187, 0.01036112, 195.484558
20160621, 010000, 0.01153942, 0.01233028, 0.01041000, 487.076610
20160622, 010000, 0.01170818, 0.01215550, 0.01130000, 381.922596
20160623, 010000, 0.01247264, 0.01283311, 0.01161000, 506.109135
20160624, 010000, 0.01107066, 0.01255755, 0.01029000, 476.445661
20160625, 010000, 0.01013033, 0.01140000, 0.00945003, 483.716668
20160626, 010000, 0.01078370, 0.01099376, 0.00980105, 236.807301
20160627, 010000, 0.01063763, 0.01106615, 0.01057352, 194.731291
20160628, 010000, 0.01070584, 0.01093856, 0.01038000, 183.508365
20160629, 010000, 0.01102577, 0.01106615, 0.01052603, 167.841195
20160630, 010000, 0.01116615, 0.01127764, 0.01080000, 178.587687
20160701, 010000, 0.01081997, 0.01128118, 0.01045001, 200.147834
20160702, 010000, 0.01060903, 0.01097232, 0.01052000, 101.089673
20160703, 010000, 0.01055020, 0.01074706, 0.01000000, 228.413076
20160704, 010000, 0.01056714, 0.01086028, 0.01050000, 157.057218
20160705, 010000, 0.01023320, 0.01070188, 0.01001009, 95.6634617
20160706, 010000, 0.01035000, 0.01055000, 0.01015959, 137.861776
20160707, 010000, 0.01085803, 0.01114730, 0.01025000, 188.897229
20160708, 010000, 0.01102079, 0.01164254, 0.01028427, 372.870033
20160709, 010000, 0.01096958, 0.01150000, 0.01065000, 217.656572
20160710, 010000, 0.01146675, 0.01157866, 0.01077480, 172.164248
20160711, 010000, 0.01194003, 0.01285000, 0.01132888, 328.421810
20160712, 010000, 0.01217255, 0.01257000, 0.01181483, 511.518862
20160713, 010000, 0.01170491, 0.01256998, 0.01160000, 327.625252
20160714, 010000, 0.01188093, 0.01209999, 0.01160552, 146.191749
20160715, 010000, 0.01183651, 0.01188093, 0.01154619, 92.0194111
20160716, 010000, 0.01245993, 0.01281042, 0.01170597, 309.817906
20160717, 010000, 0.01243139, 0.01255000, 0.01219529, 142.491088
20160718, 010000, 0.01201725, 0.01250075, 0.01183002, 138.612748
20160719, 010000, 0.01260557, 0.01261004, 0.01189400, 182.383899
20160720, 010000, 0.01239994, 0.01282935, 0.01238001, 241.988619
20160721, 010000, 0.01261001, 0.01279866, 0.01235400, 122.048188
20160722, 010000, 0.01399999, 0.01417523, 0.01247554, 556.580739
20160723, 010000, 0.01390101, 0.01469999, 0.01381675, 671.187383
20160724, 010000, 0.01413678, 0.01450094, 0.01387163, 215.917726
20160725, 010000, 0.01379026, 0.01439693, 0.01358837, 276.273855
20160726, 010000, 0.01402536, 0.01423421, 0.01367712, 181.752037
20160727, 010000, 0.01362398, 0.01400000, 0.01298872, 559.100852
20160728, 010000, 0.01404046, 0.01430000, 0.01352238, 266.735236
20160729, 010000, 0.01430000, 0.01430000, 0.01393589, 131.670206
20160730, 010000, 0.01415000, 0.01450000, 0.01405517, 171.324605
20160731, 010000, 0.01447855, 0.01450000, 0.01400000, 164.146683
20160801, 010000, 0.01546935, 0.01688787, 0.01432500, 990.427369
20160802, 010000, 0.01632751, 0.01677000, 0.01531000, 891.257805
20160803, 010000, 0.01699393, 0.01933000, 0.01574829, 1819.32825
20160804, 010000, 0.01618688, 0.01700000, 0.01596176, 560.328383
20160805, 010000, 0.01657052, 0.01689000, 0.01607392, 286.134092
20160806, 010000, 0.01787917, 0.01838000, 0.01640001, 467.495479
20160807, 010000, 0.01766100, 0.01828000, 0.01725628, 464.850684
20160808, 010000, 0.01730706, 0.01809568, 0.01710506, 420.090152
20160809, 010000, 0.01788479, 0.01787204, 0.01702573, 259.255342
20160810, 010000, 0.01776953, 0.01808000, 0.01739990, 341.104596
20160811, 010000, 0.01794965, 0.01795000, 0.01721549, 262.534804
20160812, 010000, 0.01876806, 0.01908000, 0.01778800, 704.982142
20160813, 010000, 0.02072420, 0.02224471, 0.01871000, 2534.11754
20160814, 010000, 0.02247382, 0.02330080, 0.02051000, 2227.82236
20160815, 010000, 0.02292994, 0.02668645, 0.02238348, 6505.89262
20160816, 010000, 0.02033699, 0.02401643, 0.02000000, 4786.37590
20160817, 010000, 0.02202588, 0.02289999, 0.02015000, 2259.87493
20160818, 010000, 0.02196023, 0.02259842, 0.02111112, 1055.97705
20160819, 010000, 0.02494999, 0.02510999, 0.02192005, 3063.36706
20160820, 010000, 0.02319999, 0.02590000, 0.02290000, 3367.97849
20160821, 010000, 0.02305527, 0.02370000, 0.02212500, 1581.16995
20160822, 010000, 0.02363000, 0.02400000, 0.02210600, 1191.46374
20160823, 010000, 0.02371674, 0.02499989, 0.02329459, 1818.33685
20160824, 010000, 0.02240009, 0.02427887, 0.02021200, 1563.78466
20160825, 010000, 0.02303717, 0.02350100, 0.02220002, 665.935642
20160826, 010000, 0.02194618, 0.02303694, 0.02058300, 1049.98310
20160827, 010000, 0.02172164, 0.02238261, 0.02130487, 509.176312
20160828, 010000, 0.02187999, 0.02260932, 0.02114475, 694.197337
20160829, 010000, 0.02182268, 0.02230000, 0.02104099, 1101.20338
20160830, 010000, 0.01981223, 0.02182268, 0.01880000, 1894.88289
20160831, 010000, 0.02079014, 0.02139999, 0.01962613, 713.796677
20160901, 010000, 0.02025732, 0.02128995, 0.01971000, 798.106383
20160902, 010000, 0.01998866, 0.02050000, 0.01971260, 641.508819
20160903, 010000, 0.01890232, 0.02010201, 0.01862500, 764.620402
20160904, 010000, 0.01842954, 0.02010294, 0.01781453, 1122.89039
20160905, 010000, 0.01880313, 0.01935990, 0.01745001, 764.981889
20160906, 010000, 0.01864316, 0.01922060, 0.01800001, 358.574159
20160907, 010000, 0.01810000, 0.01879510, 0.01760000, 393.841443
20160908, 010000, 0.01865418, 0.01865293, 0.01772004, 491.866993
20160909, 010000, 0.01806843, 0.01876579, 0.01780100, 492.590698
20160910, 010000, 0.01784998, 0.01835676, 0.01754286, 352.817740
20160911, 010000, 0.01825546, 0.01843029, 0.01774645, 221.600991
20160912, 010000, 0.01959381, 0.01967152, 0.01790000, 545.246835
20160913, 010000, 0.02005500, 0.02124606, 0.01891551, 1404.55474
20160914, 010000, , , , 
20160915, 010000, 0.02079001, 0.02122136, 0.02020000, 431.552616
20160916, 010000, 0.01996332, 0.02097913, 0.01980118, 387.432590
20160917, 010000, 0.01950003, 0.02001440, 0.01906074, 369.083287
20160918, 010000, 0.01923926, 0.01965783, 0.01900000, 244.797644
20160919, 010000, 0.01893055, 0.01933911, 0.01854000, 315.831397
20160920, 010000, 0.01871746, 0.01922954, 0.01848000, 354.294126
20160921, 010000, 0.01876918, 0.01908880, 0.01836020, 441.688354
20160925, 010000, 0.01901111, 0.01952999, 0.01885000, 152.490500
20160926, 010000, 0.01900843, 0.01940000, 0.01900111, 134.507073
20160927, 010000, 0.01895999, 0.01911489, 0.01842003, 275.488852
20160928, 010000, 0.01923000, 0.01930000, 0.01880001, 250.899661
20160929, 010000, 0.01906070, 0.01928000, 0.01890011, 179.309281
20160930, 010000, 0.01941003, 0.02028120, 0.01905597, 618.825291
20161001, 010000, 0.01967476, 0.02028120, 0.01912958, 536.281339
20161002, 010000, 0.01921999, 0.01979998, 0.01882400, 316.195248
20161003, 010000, 0.01943997, 0.01969998, 0.01900002, 206.464760
20161004, 010000, 0.01922486, 0.02028120, 0.01919924, 354.646106
20161005, 010000, 0.01971200, 0.01992825, 0.01909394, 250.419596
20161006, 010000, 0.01976850, 0.01988985, 0.01930000, 361.871925
20161007, 010000, 0.01983699, 0.02009999, 0.01951111, 298.453024
20161008, 010000, 0.01921000, 0.01984936, 0.01900000, 305.860826
20161009, 010000, 0.01894150, 0.01921954, 0.01867338, 202.448270
20161010, 010000, 0.01908400, 0.01923030, 0.01865011, 238.257616
20161011, 010000, 0.01829265, 0.01909987, 0.01820000, 330.421148
20161012, 010000, 0.01819900, 0.01889676, 0.01788888, 413.663133
20161013, 010000, 0.01804986, 0.01852120, 0.01760000, 321.479688
20161014, 010000, 0.01828352, 0.01832493, 0.01783647, 251.202057
20161015, 010000, 0.01799981, 0.01843000, 0.01775000, 173.107339
20161016, 010000, 0.01761477, 0.01812998, 0.01705000, 310.872862
20161017, 010000, 0.01675200, 0.01770406, 0.01654322, 307.271993
20161018, 010000, 0.01625024, 0.01683974, 0.01620900, 277.776308
20161019, 010000, 0.01600194, 0.01644999, 0.01555006, 501.833695
20161020, 010000, 0.01677194, 0.01690000, 0.01586131, 309.691334
20161021, 010000, 0.01669258, 0.01710000, 0.01651853, 369.159321
20161022, 010000, 0.01665451, 0.01720616, 0.01651930, 267.591151
20161023, 010000, 0.01549000, 0.01677285, 0.01549000, 311.835762
20161024, 010000, 0.01508229, 0.01589899, 0.01485383, 425.186550
20161025, 010000, 0.01490608, 0.01552153, 0.01487500, 264.779013
20161026, 010000, 0.01431891, 0.01531527, 0.01370000, 502.188788
20161027, 010000, 0.01366220, 0.01444009, 0.01312004, 826.325355
20161028, 010000, 0.01382800, 0.01455488, 0.01360944, 559.311565
20161029, 010000, 0.01286362, 0.01400675, 0.01281111, 547.912992
20161030, 010000, 0.01264991, 0.01311499, 0.01051500, 1044.02682
20161031, 010000, 0.01377094, 0.01418888, 0.01221128, 634.017163
20161101, 010000, 0.01270210, 0.01408678, 0.01271111, 446.642723
20161102, 010000, 0.01213055, 0.01272409, 0.01170001, 662.412695
20161103, 010000, 0.01241933, 0.01293333, 0.01201245, 342.724076
20161104, 010000, 0.01316757, 0.01337426, 0.01241989, 543.219045
20161105, 010000, 0.01292756, 0.01332387, 0.01263338, 231.748711
20161106, 010000, 0.01304998, 0.01326000, 0.01285776, 184.129320
20161106, 010000, 0.01299247, 0.01326000, 0.01285776, 189.515217
20161107, 010000, 0.01356019, 0.01378999, 0.01296952, 402.321972
20161108, 010000, 0.01468010, 0.01470573, 0.01323146, 532.152488
20161109, 010000, 0.01295668, 0.01493333, 0.01272222, 818.186738
20161110, 010000, 0.01339379, 0.01380000, 0.01295668, 298.927788
20161111, 010000, 0.01334550, 0.01366847, 0.01321316, 186.571549
20161112, 010000, 0.01340138, 0.01366000, 0.01321316, 163.839249
20161113, 010000, 0.01370973, 0.01401111, 0.01333333, 237.361150
20161114, 010000, 0.01371247, 0.01398700, 0.01351772, 160.249328
20161115, 010000, 0.01343548, 0.01390000, 0.01338932, 226.211967
20161116, 010000, 0.01330968, 0.01367719, 0.01327970, 136.441496
20161117, 010000, 0.01230000, 0.01340000, 0.01201111, 420.468737
20161118, 010000, 0.01215000, 0.01260000, 0.01205000, 164.415627
20161119, 010000, 0.01179186, 0.01217450, 0.01155500, 243.906786
20161120, 010000, 0.01113213, 0.01186010, 0.01102368, 304.424042
20161121, 010000, 0.01148793, 0.01171111, 0.01103937, 243.340455
20161122, 010000, 0.01192600, 0.01192600, 0.01134315, 191.079421
20161123, 010000, 0.01150020, 0.01199000, 0.01131406, 282.562912
20161124, 010000, 0.01191318, 0.01198152, 0.01109785, 270.747824
20161125, 010000, 0.01237911, 0.01251000, 0.01176674, 305.964288
20161126, 010000, 0.01195000, 0.01254888, 0.01180504, 273.413134
20161127, 010000, 0.01209207, 0.01247368, 0.01183330, 145.428332
20161128, 010000, 0.01232392, 0.01258884, 0.01198102, 195.765860
20161129, 010000, 0.01184923, 0.01246000, 0.01180001, 128.079279
20161130, 010000, 0.01186000, 0.01215000, 0.01182215, 67.3971127
20161201, 010000, 0.01160916, 0.01200000, 0.01154295, 127.318815
20161202, 010000, 0.01140001, 0.01196889, 0.01133777, 164.873785
20161203, 010000, 0.01140451, 0.01150000, 0.01106100, 132.154127
20161204, 010000, 0.01137840, 0.01160000, 0.01125401, 66.1497419
20161205, 010000, 0.01150998, 0.01175000, 0.01100407, 206.152891
20161206, 010000, 0.01132562, 0.01165000, 0.01100000, 240.883760
20161207, 010000, 0.01143134, 0.01160809, 0.01110403, 169.669439
20161208, 010000, 0.01143599, 0.01156853, 0.01130003, 82.3093124
20161209, 010000, 0.01131878, 0.01149420, 0.01115000, 65.6299902
20161210, 010000, 0.01149400, 0.01151053, 0.01131878, 89.8451114
20161211, 010000, 0.01182290, 0.01210000, 0.01131900, 188.694114
20161212, 010000, 0.01245040, 0.01256000, 0.01178100, 299.444682
20161213, 010000, 0.01193966, 0.01249998, 0.01145412, 355.736066
20161214, 010000, 0.01195808, 0.01210119, 0.01181006, 120.241527
20161215, 010000, 0.01193880, 0.01212563, 0.01155500, 157.976187
20161216, 010000, 0.01208005, 0.01225000, 0.01177362, 148.894387
20161217, 010000, 0.01226293, 0.01274709, 0.01191000, 353.592457
20161218, 010000, 0.01234698, 0.01242297, 0.01191302, 130.275166
20161219, 010000, 0.01314445, 0.01338000, 0.01232224, 409.418040
20161220, 010000, 0.01314999, 0.01331305, 0.01270000, 323.446510
20161221, 010000, 0.01260759, 0.01325488, 0.01250000, 327.092183
20161222, 010000, 0.01087935, 0.01272864, 0.01062430, 455.908787
20161223, 010000, 0.01057314, 0.01162113, 0.01041028, 366.009223
20161224, 010000, 0.01079919, 0.01100000, 0.01000001, 324.311794
20161225, 010000, 0.01159599, 0.01159888, 0.01068684, 243.445886
20161226, 010000, 0.01125278, 0.01163241, 0.01081726, 154.430550
20161227, 010000, 0.01081601, 0.01136316, 0.01050333, 178.226387
20161228, 010000, 0.01068013, 0.01090000, 0.01015000, 351.245728
20161229, 010000, 0.01042002, 0.01100004, 0.01027795, 289.284332
20161230, 010000, 0.01168345, 0.01224748, 0.01038107, 578.178125
20161231, 010000, 0.01165500, 0.01206447, 0.01119045, 288.050459
20170101, 010000, 0.01197976, 0.01202980, 0.01156590, 187.453817
20170102, 010000, 0.01155038, 0.01206500, 0.01106602, 347.438986
20170103, 010000, 0.01204265, 0.01214424, 0.01118306, 402.196897
20170104, 010000, 0.01332289, 0.01337597, 0.01201000, 705.538033
20170105, 010000, 0.01415086, 0.01557087, 0.01324196, 2301.10719
20170106, 010000, 0.01460990, 0.01466655, 0.01375000, 631.945636
20170107, 010000, 0.01397523, 0.01499900, 0.01320000, 960.545318
20170108, 010000, 0.01366426, 0.01439000, 0.01316016, 480.913179
20170109, 010000, 0.01405564, 0.01417200, 0.01365002, 261.532898
20170110, 010000, 0.01381056, 0.01406001, 0.01336003, 277.701473
20170111, 010000, 0.01395496, 0.01407000, 0.01365020, 190.680657
20170112, 010000, 0.01439987, 0.01468787, 0.01371877, 543.228859
20170113, 010000, 0.01520968, 0.01538100, 0.01438549, 546.793284
20170114, 010000, 0.01520981, 0.01527000, 0.01484304, 440.883474
20170115, 010000, 0.01499521, 0.01529726, 0.01491764, 310.681794
20170116, 010000, 0.01515129, 0.01526803, 0.01480003, 274.646351
20170117, 010000, 0.01545621, 0.01639990, 0.01495865, 808.788501
20170118, 010000, 0.01561393, 0.01608471, 0.01539330, 477.881996
20170119, 010000, 0.01648091, 0.01645024, 0.01558203, 500.284433
20170120, 010000, 0.01711111, 0.01728930, 0.01600300, 1092.62646
20170121, 010000, 0.01657146, 0.01730000, 0.01648222, 689.321019
20170122, 010000, 0.01633971, 0.01659355, 0.01600090, 349.814716
20170123, 010000, 0.01625341, 0.01688747, 0.01622116, 477.001981
20170124, 010000, 0.01572444, 0.01650000, 0.01550000, 494.860204
20170125, 010000, 0.01565834, 0.01621000, 0.01529951, 696.997217
20170126, 010000, 0.01595770, 0.01625982, 0.01537155, 373.569233
20170127, 010000, 0.01663469, 0.01678888, 0.01584626, 370.731354
20170128, 010000, 0.01650780, 0.01678827, 0.01631200, 299.097311
20170129, 010000, 0.01646899, 0.01675100, 0.01631318, 218.861007
20170130, 010000, 0.01710893, 0.01730010, 0.01642842, 401.472777
20170131, 010000, 0.01697372, 0.01747176, 0.01673135, 555.162240
20170201, 010000, 0.01651803, 0.01717653, 0.01580000, 724.848195
20170202, 010000, 0.01619411, 0.01663000, 0.01590490, 365.082686
20170203, 010000, 0.01694700, 0.01694700, 0.01595983, 283.945921
20170204, 010000, 0.01695760, 0.01741000, 0.01649940, 599.343729
20170205, 010000, 0.01676000, 0.01722473, 0.01619000, 445.003935
20170206, 010000, 0.01628000, 0.01684994, 0.01615800, 293.610251
20170207, 010000, 0.01630454, 0.01670000, 0.01595488, 282.252125
20170208, 010000, 0.01616786, 0.01667591, 0.01580000, 355.419431
20170209, 010000, 0.01604121, 0.01633800, 0.01591278, 267.698357
20170210, 010000, 0.01681199, 0.01695000, 0.01602505, 498.235723
20170211, 010000, 0.01691000, 0.01715021, 0.01666646, 362.555484
20170212, 010000, 0.01699208, 0.01716467, 0.01670439, 216.284760
20170213, 010000, 0.01704785, 0.01709175, 0.01670000, 264.348238
20170214, 010000, 0.01694305, 0.01712700, 0.01681000, 246.652693
20170215, 010000, 0.01866170, 0.01882000, 0.01683502, 1151.72152
20170216, 010000, 0.01937643, 0.01990000, 0.01850000, 1412.36618
20170217, 010000, 0.01866297, 0.01950000, 0.01835500, 594.822599
20170218, 010000, 0.01935999, 0.01955692, 0.01845021, 608.211125
20170219, 010000, 0.02055825, 0.02199998, 0.01932255, 2228.24666
20170220, 010000, 0.02077739, 0.02270000, 0.02049998, 2748.02909
20170221, 010000, 0.01921502, 0.02130907, 0.01870516, 2079.16841
20170222, 010000, 0.01963152, 0.01998888, 0.01848706, 1466.82105
20170223, 010000, 0.02062181, 0.02109601, 0.01916493, 1137.93882
20170224, 010000, 0.02157600, 0.02188000, 0.02049660, 2169.24810
20170225, 010000, 0.02188000, 0.02489990, 0.01992808, 6783.32801
20170226, 010000, 0.02340016, 0.02389994, 0.02116193, 2325.52112
20170227, 010000, 0.02416000, 0.02452199, 0.02310000, 2008.33082
20170228, 010000, 0.02403743, 0.02430837, 0.02315584, 1613.87221
20170301, 010000, 0.03064904, 0.03180000, 0.02391004, 9314.01358
20170302, 010000, 0.03757484, 0.04330000, 0.02982036, 19908.8883
20170303, 010000, 0.03350040, 0.04850000, 0.02925000, 40226.4340
20170304, 010000, 0.03692374, 0.04099725, 0.03270000, 15385.7779
20170305, 010000, 0.03299879, 0.03834830, 0.03226718, 5246.87364
20170306, 010000, 0.03536317, 0.03678352, 0.03155210, 5768.57501
20170307, 010000, 0.03724165, 0.03738735, 0.03434035, 3818.98851
20170308, 010000, 0.03755010, 0.03770000, 0.03620005, 3050.51978
20170309, 010000, 0.03911210, 0.03992100, 0.03579669, 3005.33933
20170310, 010000, 0.04476000, 0.04580000, 0.03901000, 12462.5083
20170311, 010000, 0.04496660, 0.04784001, 0.03903121, 11876.1450
20170312, 010000, 0.05870119, 0.06348900, 0.04487366, 35064.0381
20170313, 010000, 0.06229649, 0.06650000, 0.05440000, 24166.4158
20170314, 010000, 0.06321575, 0.06583333, 0.05644717, 14812.9112
20170315, 010000, 0.07067590, 0.07399000, 0.06028000, 19685.1193
20170316, 010000, 0.07525002, 0.08243210, 0.06968500, 38884.8539
20170317, 010000, 0.08249997, 0.08332336, 0.06566000, 25948.9323
20170318, 010000, 0.09105000, 0.09599999, 0.07200000, 22078.7427
20170319, 010000, 0.10457000, 0.12415680, 0.09087921, 38720.6381
20170320, 010000, 0.10496051, 0.11531588, 0.09360000, 20310.8343
20170321, 010000, 0.09315095, 0.10630000, 0.09122308, 15119.5486
20170322, 010000, 0.08790001, 0.09650067, 0.08073650, 16696.4075
20170323, 010000, 0.09630999, 0.10500000, 0.08159018, 27632.6444
20170324, 010000, 0.09935000, 0.10076685, 0.09450000, 7032.76103
20170325, 010000, 0.10536000, 0.11800000, 0.09750000, 18187.5481
20170326, 010000, 0.09659402, 0.10610565, 0.09350000, 9556.76376
20170327, 010000, 0.09180001, 0.09800000, 0.09050002, 9086.67206
20170328, 010000, 0.07837999, 0.09229999, 0.07400000, 23481.4244
20170329, 010000, 0.08150000, 0.08599889, 0.07636002, 10179.1620
20170330, 010000, 0.08004000, 0.08238182, 0.07800000, 4849.98492
20170331, 010000, 0.07099935, 0.08046368, 0.06950345, 10188.6502
20170401, 010000, 0.06133999, 0.07341416, 0.06000000, 12329.5675
20170402, 010000, 0.06235089, 0.06640293, 0.06050000, 6360.60545
20170403, 010000, 0.04930001, 0.06494263, 0.03458113, 17315.1037
20170404, 010000, 0.05211815, 0.05885000, 0.04660810, 13824.7137
20170405, 010000, 0.06050842, 0.06543620, 0.05199989, 11941.2135
20170406, 010000, 0.06079999, 0.07000002, 0.05775347, 11345.1172
20170407, 010000, 0.05727001, 0.06214403, 0.05324363, 4650.93437
20170408, 010000, 0.05659018, 0.06293812, 0.05340000, 3237.77517
20170409, 010000, 0.05790875, 0.06000000, 0.05566000, 1906.02779
20170410, 010000, 0.05410000, 0.05793991, 0.05370000, 1991.61313
20170411, 010000, 0.05222000, 0.05413728, 0.04950007, 3634.70672
20170412, 010000, 0.04915292, 0.05243000, 0.04861649, 3095.79619
20170413, 010000, 0.05789999, 0.05799998, 0.04903000, 9143.56416
20170414, 010000, 0.05871391, 0.06655555, 0.05789978, 11609.5726
20170415, 010000, 0.05928400, 0.06296659, 0.05789978, 4695.77069
20170416, 010000, 0.06411002, 0.06803901, 0.05910002, 6428.83510
20170417, 010000, 0.06330002, 0.06484251, 0.06278266, 1890.24116
20170418, 010000, 0.05989271, 0.06450000, 0.05988632, 2735.86606
20170419, 010000, 0.06242420, 0.06300000, 0.05776560, 4457.92500
20170420, 010000, 0.05860012, 0.06245951, 0.05858500, 2077.99457
20170421, 010000, 0.05782004, 0.05927550, 0.05669231, 2486.52071
